http://www.thofood.com/Upload/PRODUCT_ITEM/Image\201503300505137626430_small.jpg,嚴選天然綠藻草蝦,450
http://www.thofood.com/Upload/PRODUCT_ITEM/Image\201503300422177190430_small.jpg,紅魽帶皮魚排  ,200
http://www.thofood.com/Upload/PRODUCT_ITEM/Image\201503300419217510430_small.jpg,紅魽輪切片 (澎湖海域生長，最自然鮮味),210
http://www.thofood.com/Upload/PRODUCT_ITEM/Image\201503300411437052540_small.jpg,澎湖紅魽半月切(獨享包),105
http://www.thofood.com/Upload/PRODUCT_ITEM/Image\201503300407107604860_small.jpg,澎湖銀紋笛鯛半月切,120
http://www.thofood.com/Upload/PRODUCT_ITEM/Image\201503300401343978630_small.jpg,綜合魚頭 (一次品嘗澎湖鮮味，熬湯滋補，營養補足),130
http://www.thofood.com/Upload/PRODUCT_ITEM/Image\201503270452461459320_small.jpg,挪威鯖魚排-薄鹽,190
http://www.thofood.com/Upload/PRODUCT_ITEM/Image\201503270445329027320_small.jpg,沙梭魚片,180
http://www.thofood.com/Upload/PRODUCT_ITEM/Image\201503270435283403320_small.jpg,櫻花蝦 (台灣國寶蝦: 肉鮮殼脆，好滋味 ),125
http://www.thofood.com/Upload/PRODUCT_ITEM/Image\201503270433281423320_small.jpg,北海道帆立貝柱 (生魚片等級，高級食材),660
http://www.thofood.com/Upload/PRODUCT_ITEM/Image\201503270426292511320_small.jpg,南極圓鱈厚片,750
http://www.thofood.com/Upload/PRODUCT_ITEM/Image\201503270407090947320_small.jpg,珍鱺輪切(大) 肉質Q彈，口感緊實細緻,260
http://www.thofood.com/Upload/PRODUCT_ITEM/Image\201503270404337031320_small.jpg,珍鱺切絲熟魚皮,100
http://www.thofood.com/Upload/PRODUCT_ITEM/Image\201503270400257567320_small.jpg,珍鱺帶皮魚排 (澎湖名產 海鱺魚，Q彈口感),235
http://www.thofood.com/Upload/PRODUCT_ITEM/Image\201503270358158399320_small.jpg,珍鱺魚 帶骨霜降肉,220
http://www.thofood.com/Upload/PRODUCT_ITEM/Image\201503270349387311320_small.jpg,珍鱺半月切(獨享包),105
http://www.thofood.com/Upload/PRODUCT_ITEM/Image\201503270347457247320_small.jpg,珍鱺魚 中骨(熬湯首選、滋補優先),165
http://www.thofood.com/Upload/PRODUCT_ITEM/Image\201503270342339119320_small.jpg,珍鱺魚 魚頭(切塊),105
http://www.thofood.com/Upload/PRODUCT_ITEM/Image\201503270310415786550_small.jpg,珍鱺魚 腹邊肉 (富含DHA、EPA，健康又美味),220
http://www.thofood.com/Upload/PRODUCT_ITEM/Image\201411241659156927260_small.jpg,鱈魚輪切片(北大西洋捕獲的新鮮鱈魚),265
http://www.thofood.com/Upload/PRODUCT_ITEM/Image\201411241654007437730_small.jpg,鮭魚輪切片,240
http://www.thofood.com/Upload/PRODUCT_ITEM/Image\201411241646271729770_small.jpg,嚴選北極甜蝦(熟),210
http://www.thofood.com/Upload/PRODUCT_ITEM/Image\201411241631335722070_small.jpg,鹹水鱸魚排(L),200
http://www.thofood.com/Upload/PRODUCT_ITEM/Image\201411241618209504150_small.jpg,仔魚 (鈣質豐富，小孩用健康食材),200
http://www.thofood.com/Upload/PRODUCT_ITEM/Image\201411241355547094040_small.jpg,澎湖石咾魚 魚排(大) 富含膠質、DHA,470
http://www.thofood.com/Upload/PRODUCT_ITEM/Image\201411241349225715150_small.jpg,活凍小卷(未去咽) ,220
http://www.thofood.com/Upload/PRODUCT_ITEM/Image\201411241338422839910_small.jpg,槍管魚,190
http://www.thofood.com/Upload/PRODUCT_ITEM/Image\201410161738040120590_small.jpg,澎湖野生海菜,110
http://www.thofood.com/Upload/PRODUCT_ITEM/Image\201503300505137626430_small.jpg,嚴選天然綠藻草蝦,450
http://www.thofood.com/Upload/PRODUCT_ITEM/Image\201503300422177190430_small.jpg,紅魽帶皮魚排  ,200
http://www.thofood.com/Upload/PRODUCT_ITEM/Image\201503300419217510430_small.jpg,紅魽輪切片 (澎湖海域生長，最自然鮮味),210
http://www.thofood.com/Upload/PRODUCT_ITEM/Image\201503300411437052540_small.jpg,澎湖紅魽半月切(獨享包),105
http://www.thofood.com/Upload/PRODUCT_ITEM/Image\201503300407107604860_small.jpg,澎湖銀紋笛鯛半月切,120
http://www.thofood.com/Upload/PRODUCT_ITEM/Image\201503300401343978630_small.jpg,綜合魚頭 (一次品嘗澎湖鮮味，熬湯滋補，營養補足),130
http://www.thofood.com/Upload/PRODUCT_ITEM/Image\201503270452461459320_small.jpg,挪威鯖魚排-薄鹽,190
http://www.thofood.com/Upload/PRODUCT_ITEM/Image\201503270445329027320_small.jpg,沙梭魚片,180
http://www.thofood.com/Upload/PRODUCT_ITEM/Image\201503270435283403320_small.jpg,櫻花蝦 (台灣國寶蝦: 肉鮮殼脆，好滋味 ),125
http://www.thofood.com/Upload/PRODUCT_ITEM/Image\201503270433281423320_small.jpg,北海道帆立貝柱 (生魚片等級，高級食材),660
http://www.thofood.com/Upload/PRODUCT_ITEM/Image\201503270426292511320_small.jpg,南極圓鱈厚片,750
http://www.thofood.com/Upload/PRODUCT_ITEM/Image\201503270407090947320_small.jpg,珍鱺輪切(大) 肉質Q彈，口感緊實細緻,260
http://www.thofood.com/Upload/PRODUCT_ITEM/Image\201503270404337031320_small.jpg,珍鱺切絲熟魚皮,100
http://www.thofood.com/Upload/PRODUCT_ITEM/Image\201503270400257567320_small.jpg,珍鱺帶皮魚排 (澎湖名產 海鱺魚，Q彈口感),235
http://www.thofood.com/Upload/PRODUCT_ITEM/Image\201503270358158399320_small.jpg,珍鱺魚 帶骨霜降肉,220
http://www.thofood.com/Upload/PRODUCT_ITEM/Image\201503270349387311320_small.jpg,珍鱺半月切(獨享包),105
http://www.thofood.com/Upload/PRODUCT_ITEM/Image\201503270347457247320_small.jpg,珍鱺魚 中骨(熬湯首選、滋補優先),165
http://www.thofood.com/Upload/PRODUCT_ITEM/Image\201503270342339119320_small.jpg,珍鱺魚 魚頭(切塊),105
http://www.thofood.com/Upload/PRODUCT_ITEM/Image\201503270310415786550_small.jpg,珍鱺魚 腹邊肉 (富含DHA、EPA，健康又美味),220
http://www.thofood.com/Upload/PRODUCT_ITEM/Image\201411241659156927260_small.jpg,鱈魚輪切片(北大西洋捕獲的新鮮鱈魚),265
http://www.thofood.com/Upload/PRODUCT_ITEM/Image\201411241654007437730_small.jpg,鮭魚輪切片,240
http://www.thofood.com/Upload/PRODUCT_ITEM/Image\201411241646271729770_small.jpg,嚴選北極甜蝦(熟),210
http://www.thofood.com/Upload/PRODUCT_ITEM/Image\201411241631335722070_small.jpg,鹹水鱸魚排(L),200
http://www.thofood.com/Upload/PRODUCT_ITEM/Image\201411241618209504150_small.jpg,仔魚 (鈣質豐富，小孩用健康食材),200
http://www.thofood.com/Upload/PRODUCT_ITEM/Image\201411241355547094040_small.jpg,澎湖石咾魚 魚排(大) 富含膠質、DHA,470
http://www.thofood.com/Upload/PRODUCT_ITEM/Image\201411241349225715150_small.jpg,活凍小卷(未去咽) ,220
http://www.thofood.com/Upload/PRODUCT_ITEM/Image\201411241338422839910_small.jpg,槍管魚,190
http://www.thofood.com/Upload/PRODUCT_ITEM/Image\201410161738040120590_small.jpg,澎湖野生海菜,110
http://www.thofood.com/Upload/PRODUCT_ITEM/Image\201503300505137626430_small.jpg,嚴選天然綠藻草蝦,450
http://www.thofood.com/Upload/PRODUCT_ITEM/Image\201503300422177190430_small.jpg,紅魽帶皮魚排  ,200
http://www.thofood.com/Upload/PRODUCT_ITEM/Image\201503300419217510430_small.jpg,紅魽輪切片 (澎湖海域生長，最自然鮮味),210
http://www.thofood.com/Upload/PRODUCT_ITEM/Image\201503300411437052540_small.jpg,澎湖紅魽半月切(獨享包),105
http://www.thofood.com/Upload/PRODUCT_ITEM/Image\201503300407107604860_small.jpg,澎湖銀紋笛鯛半月切,120
http://www.thofood.com/Upload/PRODUCT_ITEM/Image\201503300401343978630_small.jpg,綜合魚頭 (一次品嘗澎湖鮮味，熬湯滋補，營養補足),130
http://www.thofood.com/Upload/PRODUCT_ITEM/Image\201503270452461459320_small.jpg,挪威鯖魚排-薄鹽,190
http://www.thofood.com/Upload/PRODUCT_ITEM/Image\201503270445329027320_small.jpg,沙梭魚片,180
http://www.thofood.com/Upload/PRODUCT_ITEM/Image\201503270435283403320_small.jpg,櫻花蝦 (台灣國寶蝦: 肉鮮殼脆，好滋味 ),125
http://www.thofood.com/Upload/PRODUCT_ITEM/Image\201503270433281423320_small.jpg,北海道帆立貝柱 (生魚片等級，高級食材),660
http://www.thofood.com/Upload/PRODUCT_ITEM/Image\201503270426292511320_small.jpg,南極圓鱈厚片,750
http://www.thofood.com/Upload/PRODUCT_ITEM/Image\201503270407090947320_small.jpg,珍鱺輪切(大) 肉質Q彈，口感緊實細緻,260
http://www.thofood.com/Upload/PRODUCT_ITEM/Image\201503270404337031320_small.jpg,珍鱺切絲熟魚皮,100
http://www.thofood.com/Upload/PRODUCT_ITEM/Image\201503270400257567320_small.jpg,珍鱺帶皮魚排 (澎湖名產 海鱺魚，Q彈口感),235
http://www.thofood.com/Upload/PRODUCT_ITEM/Image\201503270358158399320_small.jpg,珍鱺魚 帶骨霜降肉,220
http://www.thofood.com/Upload/PRODUCT_ITEM/Image\201503270349387311320_small.jpg,珍鱺半月切(獨享包),105
http://www.thofood.com/Upload/PRODUCT_ITEM/Image\201503270347457247320_small.jpg,珍鱺魚 中骨(熬湯首選、滋補優先),165
http://www.thofood.com/Upload/PRODUCT_ITEM/Image\201503270342339119320_small.jpg,珍鱺魚 魚頭(切塊),105
http://www.thofood.com/Upload/PRODUCT_ITEM/Image\201503270310415786550_small.jpg,珍鱺魚 腹邊肉 (富含DHA、EPA，健康又美味),220
http://www.thofood.com/Upload/PRODUCT_ITEM/Image\201411241659156927260_small.jpg,鱈魚輪切片(北大西洋捕獲的新鮮鱈魚),265
http://www.thofood.com/Upload/PRODUCT_ITEM/Image\201411241654007437730_small.jpg,鮭魚輪切片,240
http://www.thofood.com/Upload/PRODUCT_ITEM/Image\201411241646271729770_small.jpg,嚴選北極甜蝦(熟),210
http://www.thofood.com/Upload/PRODUCT_ITEM/Image\201411241631335722070_small.jpg,鹹水鱸魚排(L),200
http://www.thofood.com/Upload/PRODUCT_ITEM/Image\201411241618209504150_small.jpg,仔魚 (鈣質豐富，小孩用健康食材),200
http://www.thofood.com/Upload/PRODUCT_ITEM/Image\201411241355547094040_small.jpg,澎湖石咾魚 魚排(大) 富含膠質、DHA,470
http://www.thofood.com/Upload/PRODUCT_ITEM/Image\201411241349225715150_small.jpg,活凍小卷(未去咽) ,220
http://www.thofood.com/Upload/PRODUCT_ITEM/Image\201411241338422839910_small.jpg,槍管魚,190
http://www.thofood.com/Upload/PRODUCT_ITEM/Image\201410161738040120590_small.jpg,澎湖野生海菜,110
http://www.thofood.com/Upload/PRODUCT_ITEM/Image\201503300505137626430_small.jpg,嚴選天然綠藻草蝦,450
http://www.thofood.com/Upload/PRODUCT_ITEM/Image\201503300422177190430_small.jpg,紅魽帶皮魚排  ,200
http://www.thofood.com/Upload/PRODUCT_ITEM/Image\201503300419217510430_small.jpg,紅魽輪切片 (澎湖海域生長，最自然鮮味),210
http://www.thofood.com/Upload/PRODUCT_ITEM/Image\201503300411437052540_small.jpg,澎湖紅魽半月切(獨享包),105
http://www.thofood.com/Upload/PRODUCT_ITEM/Image\201503300407107604860_small.jpg,澎湖銀紋笛鯛半月切,120
http://www.thofood.com/Upload/PRODUCT_ITEM/Image\201503300401343978630_small.jpg,綜合魚頭 (一次品嘗澎湖鮮味，熬湯滋補，營養補足),130
http://www.thofood.com/Upload/PRODUCT_ITEM/Image\201503270452461459320_small.jpg,挪威鯖魚排-薄鹽,190
http://www.thofood.com/Upload/PRODUCT_ITEM/Image\201503270445329027320_small.jpg,沙梭魚片,180
http://www.thofood.com/Upload/PRODUCT_ITEM/Image\201503270435283403320_small.jpg,櫻花蝦 (台灣國寶蝦: 肉鮮殼脆，好滋味 ),125
http://www.thofood.com/Upload/PRODUCT_ITEM/Image\201503270433281423320_small.jpg,北海道帆立貝柱 (生魚片等級，高級食材),660
http://www.thofood.com/Upload/PRODUCT_ITEM/Image\201503270426292511320_small.jpg,南極圓鱈厚片,750
http://www.thofood.com/Upload/PRODUCT_ITEM/Image\201503270407090947320_small.jpg,珍鱺輪切(大) 肉質Q彈，口感緊實細緻,260
http://www.thofood.com/Upload/PRODUCT_ITEM/Image\201503270404337031320_small.jpg,珍鱺切絲熟魚皮,100
http://www.thofood.com/Upload/PRODUCT_ITEM/Image\201503270400257567320_small.jpg,珍鱺帶皮魚排 (澎湖名產 海鱺魚，Q彈口感),235
http://www.thofood.com/Upload/PRODUCT_ITEM/Image\201503270358158399320_small.jpg,珍鱺魚 帶骨霜降肉,220
http://www.thofood.com/Upload/PRODUCT_ITEM/Image\201503270349387311320_small.jpg,珍鱺半月切(獨享包),105
http://www.thofood.com/Upload/PRODUCT_ITEM/Image\201503270347457247320_small.jpg,珍鱺魚 中骨(熬湯首選、滋補優先),165
http://www.thofood.com/Upload/PRODUCT_ITEM/Image\201503270342339119320_small.jpg,珍鱺魚 魚頭(切塊),105
http://www.thofood.com/Upload/PRODUCT_ITEM/Image\201503270310415786550_small.jpg,珍鱺魚 腹邊肉 (富含DHA、EPA，健康又美味),220
http://www.thofood.com/Upload/PRODUCT_ITEM/Image\201411241659156927260_small.jpg,鱈魚輪切片(北大西洋捕獲的新鮮鱈魚),265
http://www.thofood.com/Upload/PRODUCT_ITEM/Image\201411241654007437730_small.jpg,鮭魚輪切片,240
http://www.thofood.com/Upload/PRODUCT_ITEM/Image\201411241646271729770_small.jpg,嚴選北極甜蝦(熟),210
http://www.thofood.com/Upload/PRODUCT_ITEM/Image\201411241631335722070_small.jpg,鹹水鱸魚排(L),200
http://www.thofood.com/Upload/PRODUCT_ITEM/Image\201411241618209504150_small.jpg,仔魚 (鈣質豐富，小孩用健康食材),200
http://www.thofood.com/Upload/PRODUCT_ITEM/Image\201411241355547094040_small.jpg,澎湖石咾魚 魚排(大) 富含膠質、DHA,470
http://www.thofood.com/Upload/PRODUCT_ITEM/Image\201411241349225715150_small.jpg,活凍小卷(未去咽) ,220
http://www.thofood.com/Upload/PRODUCT_ITEM/Image\201411241338422839910_small.jpg,槍管魚,190
http://www.thofood.com/Upload/PRODUCT_ITEM/Image\201410161738040120590_small.jpg,澎湖野生海菜,110
http://www.thofood.com/Upload/PRODUCT_ITEM/Image\201503300505137626430_small.jpg,嚴選天然綠藻草蝦,450
http://www.thofood.com/Upload/PRODUCT_ITEM/Image\201503300422177190430_small.jpg,紅魽帶皮魚排  ,200
http://www.thofood.com/Upload/PRODUCT_ITEM/Image\201503300419217510430_small.jpg,紅魽輪切片 (澎湖海域生長，最自然鮮味),210
http://www.thofood.com/Upload/PRODUCT_ITEM/Image\201503300411437052540_small.jpg,澎湖紅魽半月切(獨享包),105
http://www.thofood.com/Upload/PRODUCT_ITEM/Image\201503300407107604860_small.jpg,澎湖銀紋笛鯛半月切,120
http://www.thofood.com/Upload/PRODUCT_ITEM/Image\201503300401343978630_small.jpg,綜合魚頭 (一次品嘗澎湖鮮味，熬湯滋補，營養補足),130
http://www.thofood.com/Upload/PRODUCT_ITEM/Image\201503270452461459320_small.jpg,挪威鯖魚排-薄鹽,190
http://www.thofood.com/Upload/PRODUCT_ITEM/Image\201503270445329027320_small.jpg,沙梭魚片,180
http://www.thofood.com/Upload/PRODUCT_ITEM/Image\201503270435283403320_small.jpg,櫻花蝦 (台灣國寶蝦: 肉鮮殼脆，好滋味 ),125
http://www.thofood.com/Upload/PRODUCT_ITEM/Image\201503270433281423320_small.jpg,北海道帆立貝柱 (生魚片等級，高級食材),660
http://www.thofood.com/Upload/PRODUCT_ITEM/Image\201503270426292511320_small.jpg,南極圓鱈厚片,750
http://www.thofood.com/Upload/PRODUCT_ITEM/Image\201503270407090947320_small.jpg,珍鱺輪切(大) 肉質Q彈，口感緊實細緻,260
http://www.thofood.com/Upload/PRODUCT_ITEM/Image\201503270404337031320_small.jpg,珍鱺切絲熟魚皮,100
http://www.thofood.com/Upload/PRODUCT_ITEM/Image\201503270400257567320_small.jpg,珍鱺帶皮魚排 (澎湖名產 海鱺魚，Q彈口感),235
http://www.thofood.com/Upload/PRODUCT_ITEM/Image\201503270358158399320_small.jpg,珍鱺魚 帶骨霜降肉,220
http://www.thofood.com/Upload/PRODUCT_ITEM/Image\201503270349387311320_small.jpg,珍鱺半月切(獨享包),105
http://www.thofood.com/Upload/PRODUCT_ITEM/Image\201503270347457247320_small.jpg,珍鱺魚 中骨(熬湯首選、滋補優先),165
http://www.thofood.com/Upload/PRODUCT_ITEM/Image\201503270342339119320_small.jpg,珍鱺魚 魚頭(切塊),105
http://www.thofood.com/Upload/PRODUCT_ITEM/Image\201503270310415786550_small.jpg,珍鱺魚 腹邊肉 (富含DHA、EPA，健康又美味),220
http://www.thofood.com/Upload/PRODUCT_ITEM/Image\201411241659156927260_small.jpg,鱈魚輪切片(北大西洋捕獲的新鮮鱈魚),265
http://www.thofood.com/Upload/PRODUCT_ITEM/Image\201411241654007437730_small.jpg,鮭魚輪切片,240
http://www.thofood.com/Upload/PRODUCT_ITEM/Image\201411241646271729770_small.jpg,嚴選北極甜蝦(熟),210
http://www.thofood.com/Upload/PRODUCT_ITEM/Image\201411241631335722070_small.jpg,鹹水鱸魚排(L),200
http://www.thofood.com/Upload/PRODUCT_ITEM/Image\201411241618209504150_small.jpg,仔魚 (鈣質豐富，小孩用健康食材),200
http://www.thofood.com/Upload/PRODUCT_ITEM/Image\201411241355547094040_small.jpg,澎湖石咾魚 魚排(大) 富含膠質、DHA,470
http://www.thofood.com/Upload/PRODUCT_ITEM/Image\201411241349225715150_small.jpg,活凍小卷(未去咽) ,220
http://www.thofood.com/Upload/PRODUCT_ITEM/Image\201411241338422839910_small.jpg,槍管魚,190
http://www.thofood.com/Upload/PRODUCT_ITEM/Image\201410161738040120590_small.jpg,澎湖野生海菜,110
